瑜袱榇,P戳,O_癜,称爹
20210101,き,2,}瓣雯坤
20210102,せ,2,
20210103,ら,2,
20210104,@,0,
20210105,G,0,
20210106,T,0,
20210107,|,0,
20210108,き,0,
20210109,せ,2,
20210110,ら,2,
20210111,@,0,
20210112,G,0,
20210113,T,0,
20210114,|,0,
20210115,き,0,
20210116,せ,2,
20210117,ら,2,
20210118,@,0,
20210119,G,0,
20210120,T,0,
20210121,|,0,
20210122,き,0,
20210123,せ,2,
20210124,ら,2,
20210125,@,0,
20210126,G,0,
20210127,T,0,
20210128,|,0,
20210129,き,0,
20210130,せ,2,
20210131,ら,2,
20210201,@,0,
20210202,G,0,
20210203,T,0,
20210204,|,0,
20210205,き,0,
20210206,せ,2,
20210207,ら,2,
20210208,@,0,
20210209,G,0,
20210210,T,2,秸俱癜
20210211,|,2,A句埃i
20210212,き,2,K`
20210213,せ,2,K`
20210214,ら,2,K`
20210215,@,2,干安
20210216,G,2,干安
20210217,T,0,
20210218,|,0,
20210219,き,0,
20210220,せ,0,干妞WZ
20210221,ら,2,
20210222,@,0,
20210223,G,0,
20210224,T,0,
20210225,|,0,
20210226,き,0,
20210227,せ,2,
20210228,ら,2,Mキ雯坤
20210301,@,2,干安
20210302,G,0,
20210303,T,0,
20210304,|,0,
20210305,き,0,
20210306,せ,2,
20210307,ら,2,
20210308,@,0,
20210309,G,0,
20210310,T,0,
20210311,|,0,
20210312,き,0,
20210313,せ,2,
20210314,ら,2,
20210315,@,0,
20210316,G,0,
20210317,T,0,
20210318,|,0,
20210319,き,0,
20210320,せ,2,
20210321,ら,2,
20210322,@,0,
20210323,G,0,
20210324,T,0,
20210325,|,0,
20210326,き,0,
20210327,せ,2,
20210328,ら,2,
20210329,@,0,
20210330,G,0,
20210331,T,0,
20210401,|,0,
20210402,き,2,干安
20210403,せ,2,
20210404,ら,2,ㄠ担`のチ壁苯褂`
20210405,@,2,干安
20210406,G,0,
20210407,T,0,
20210408,|,0,
20210409,き,0,
20210410,せ,2,
20210411,ら,2,
20210412,@,0,
20210413,G,0,
20210414,T,0,
20210415,|,0,
20210416,き,0,
20210417,せ,2,
20210418,ら,2,
20210419,@,0,
20210420,G,0,
20210421,T,0,
20210422,|,0,
20210423,き,0,
20210424,せ,2,
20210425,ら,2,
20210426,@,0,
20210427,G,0,
20210428,T,0,
20210429,|,0,
20210430,き,0,
20210501,せ,2,
20210502,ら,2,
20210503,@,0,
20210504,G,0,
20210505,T,0,
20210506,|,0,
20210507,き,0,
20210508,せ,2,
20210509,ら,2,
20210510,@,0,
20210511,G,0,
20210512,T,0,
20210513,|,0,
20210514,き,0,
20210515,せ,2,
20210516,ら,2,
20210517,@,0,
20210518,G,0,
20210519,T,0,
20210520,|,0,
20210521,き,0,
20210522,せ,2,
20210523,ら,2,
20210524,@,0,
20210525,G,0,
20210526,T,0,
20210527,|,0,
20210528,き,0,
20210529,せ,2,
20210530,ら,2,
20210531,@,0,
20210601,G,0,
20210602,T,0,
20210603,|,0,
20210604,き,0,
20210605,せ,2,
20210606,ら,2,
20210607,@,0,
20210608,G,0,
20210609,T,0,
20210610,|,0,
20210611,き,0,
20210612,せ,2,
20210613,ら,2,
20210614,@,2,狠と`
20210615,G,0,
20210616,T,0,
20210617,|,0,
20210618,き,0,
20210619,せ,2,
20210620,ら,2,
20210621,@,0,
20210622,G,0,
20210623,T,0,
20210624,|,0,
20210625,き,0,
20210626,せ,2,
20210627,ら,2,
20210628,@,0,
20210629,G,0,
20210630,T,0,
20210701,|,0,
20210702,き,0,
20210703,せ,2,
20210704,ら,2,
20210705,@,0,
20210706,G,0,
20210707,T,0,
20210708,|,0,
20210709,き,0,
20210710,せ,2,
20210711,ら,2,
20210712,@,0,
20210713,G,0,
20210714,T,0,
20210715,|,0,
20210716,き,0,
20210717,せ,2,
20210718,ら,2,
20210719,@,0,
20210720,G,0,
20210721,T,0,
20210722,|,0,
20210723,き,0,
20210724,せ,2,
20210725,ら,2,
20210726,@,0,
20210727,G,0,
20210728,T,0,
20210729,|,0,
20210730,き,0,
20210731,せ,2,
20210801,ら,2,
20210802,@,0,
20210803,G,0,
20210804,T,0,
20210805,|,0,
20210806,き,0,
20210807,せ,2,
20210808,ら,2,
20210809,@,0,
20210810,G,0,
20210811,T,0,
20210812,|,0,
20210813,き,0,
20210814,せ,2,
20210815,ら,2,
20210816,@,0,
20210817,G,0,
20210818,T,0,
20210819,|,0,
20210820,き,0,
20210821,せ,2,
20210822,ら,2,
20210823,@,0,
20210824,G,0,
20210825,T,0,
20210826,|,0,
20210827,き,0,
20210828,せ,2,
20210829,ら,2,
20210830,@,0,
20210831,G,0,
20210901,T,0,
20210902,|,0,
20210903,き,0,
20210904,せ,2,
20210905,ら,2,
20210906,@,0,
20210907,G,0,
20210908,T,0,
20210909,|,0,
20210910,き,0,
20210911,せ,0,干妞WZ
20210912,ら,2,
20210913,@,0,
20210914,G,0,
20210915,T,0,
20210916,|,0,
20210917,き,0,
20210918,せ,2,
20210919,ら,2,
20210920,@,2,秸俱癜
20210921,G,2,い罡`
20210922,T,0,
20210923,|,0,
20210924,き,0,
20210925,せ,2,
20210926,ら,2,
20210927,@,0,
20210928,G,0,
20210929,T,0,
20210930,|,0,
20211001,き,0,
20211002,せ,2,
20211003,ら,2,
20211004,@,0,
20211005,G,0,
20211006,T,0,
20211007,|,0,
20211008,き,0,
20211009,せ,2,
20211010,ら,2,瓣yら
20211011,@,2,干安
20211012,G,0,
20211013,T,0,
20211014,|,0,
20211015,き,0,
20211016,せ,2,
20211017,ら,2,
20211018,@,0,
20211019,G,0,
20211020,T,0,
20211021,|,0,
20211022,き,0,
20211023,せ,2,
20211024,ら,2,
20211025,@,0,
20211026,G,0,
20211027,T,0,
20211028,|,0,
20211029,き,0,
20211030,せ,2,
20211031,ら,2,
20211101,@,0,
20211102,G,0,
20211103,T,0,
20211104,|,0,
20211105,き,0,
20211106,せ,2,
20211107,ら,2,
20211108,@,0,
20211109,G,0,
20211110,T,0,
20211111,|,0,
20211112,き,0,
20211113,せ,2,
20211114,ら,2,
20211115,@,0,
20211116,G,0,
20211117,T,0,
20211118,|,0,
20211119,き,0,
20211120,せ,2,
20211121,ら,2,
20211122,@,0,
20211123,G,0,
20211124,T,0,
20211125,|,0,
20211126,き,0,
20211127,せ,2,
20211128,ら,2,
20211129,@,0,
20211130,G,0,
20211201,T,0,
20211202,|,0,
20211203,き,0,
20211204,せ,2,
20211205,ら,2,
20211206,@,0,
20211207,G,0,
20211208,T,0,
20211209,|,0,
20211210,き,0,
20211211,せ,2,
20211212,ら,2,
20211213,@,0,
20211214,G,0,
20211215,T,0,
20211216,|,0,
20211217,き,0,
20211218,せ,2,
20211219,ら,2,
20211220,@,0,
20211221,G,0,
20211222,T,0,
20211223,|,0,
20211224,き,0,
20211225,せ,2,
20211226,ら,2,
20211227,@,0,
20211228,G,0,
20211229,T,0,
20211230,|,0,
20211231,き,2,干安
